{"cameraMode":{"drawMode":0,"name":"Shaded","section":"Shading Mode"},"sceneLighting":false,"audioPlay":false,"sceneViewState":{"showFog":true,"showMaterialUpdate":false,"showSkybox":true,"showFlares":true,"showImageEffects":true,"showParticleSystems":true},"in2DMode":false,"pivot":{"x":184.3798828125,"y":24.44646453857422,"z":-20.223628997802736},"rotation":{"x":-0.17690406739711762,"y":0.3630049228668213,"z":-0.06924610584974289,"w":-0.9124487042427063},"size":6.330880641937256,"orthographic":false}