{"cameraMode":{"drawMode":0,"name":"Shaded","section":"Shading Mode"},"sceneLighting":false,"audioPlay":false,"sceneViewState":{"showFog":true,"showMaterialUpdate":false,"showSkybox":false,"showFlares":true,"showImageEffects":true,"showParticleSystems":true},"in2DMode":false,"pivot":{"x":702.401611328125,"y":-62.910003662109378,"z":0.0},"rotation":{"x":-0.03418293967843056,"y":0.010486763902008534,"z":0.0004145482962485403,"w":0.9994001984596252},"size":165.80043029785157,"orthographic":false}