{"cameraMode":{"drawMode":0,"name":"Shaded","section":"Shading Mode"},"sceneLighting":false,"audioPlay":false,"sceneViewState":{"showFog":true,"showMaterialUpdate":false,"showSkybox":false,"showFlares":true,"showImageEffects":true,"showParticleSystems":true},"in2DMode":false,"pivot":{"x":370.1370544433594,"y":30.338071823120118,"z":378.4315185546875},"rotation":{"x":0.3071189224720001,"y":0.32362231612205508,"z":-0.11195461452007294,"w":0.8879605531692505},"size":135.81552124023438,"orthographic":false}