{"cameraMode":{"drawMode":0,"name":"Shaded","section":"Shading Mode"},"sceneLighting":false,"audioPlay":false,"sceneViewState":{"showFog":true,"showMaterialUpdate":false,"showSkybox":false,"showFlares":true,"showImageEffects":true,"showParticleSystems":true},"in2DMode":false,"pivot":{"x":-577.2957763671875,"y":310.4599609375,"z":0.0},"rotation":{"x":0.0003077257133554667,"y":-0.037498779594898227,"z":0.000055080363381421193,"w":0.9993351101875305},"size":320.0732727050781,"orthographic":false}