{"cameraMode":{"drawMode":0,"name":"Shaded","section":"Shading Mode"},"sceneLighting":false,"audioPlay":false,"sceneViewState":{"showFog":true,"showMaterialUpdate":false,"showSkybox":false,"showFlares":true,"showImageEffects":true,"showParticleSystems":true},"in2DMode":false,"pivot":{"x":1139.71044921875,"y":97.99996948242188,"z":0.0},"rotation":{"x":0.0003077257133554667,"y":-0.037498779594898227,"z":0.000055080363381421193,"w":0.9993351101875305},"size":152.9726104736328,"orthographic":false}